session_date,session_id,club,shot_num,club_speed_mps,attack_angle_deg,ball_speed_mps,spin_rate_rpm,carry_m,side_m,smash_factor
2026-05-08,2a637be4-1b4b-f111-9c8c-c86e08cb2270,Dr,1,46.0,6.0,63.6,2770,198.4,-18.8,1.383
2026-05-08,2a637be4-1b4b-f111-9c8c-c86e08cb2270,Dr,2,45.2,4.4,63.1,2420,198.7,-23.2,1.396
2026-05-08,2a637be4-1b4b-f111-9c8c-c86e08cb2270,Dr,3,45.2,2.2,63.6,3900,201.6,41.7,1.407
2026-05-08,2a637be4-1b4b-f111-9c8c-c86e08cb2270,Dr,4,45.8,2.8,65.6,3720,211.7,38.9,1.432
2026-05-08,2a637be4-1b4b-f111-9c8c-c86e08cb2270,Dr,5,44.4,3.0,64.7,2900,219.9,9.1,1.457
2026-05-08,2a637be4-1b4b-f111-9c8c-c86e08cb2270,Dr,6,45.1,3.6,62.9,3390,205.2,58.1,1.395
2026-05-08,2a637be4-1b4b-f111-9c8c-c86e08cb2270,Dr,7,44.6,5.4,65.9,2380,229.0,-9.6,1.478
2026-05-08,2a637be4-1b4b-f111-9c8c-c86e08cb2270,Dr,8,44.8,4.4,63.0,1720,194.1,-19.5,1.406
2026-05-08,2a637be4-1b4b-f111-9c8c-c86e08cb2270,Dr,9,46.2,4.6,65.5,2890,219.4,30.9,1.418
2026-05-08,2a637be4-1b4b-f111-9c8c-c86e08cb2270,Dr,10,44.5,4.2,65.0,2460,224.2,-7.0,1.461
2026-05-08,2a637be4-1b4b-f111-9c8c-c86e08cb2270,Dr,11,46.7,,58.1,2470,128.8,-4.8,1.244
2026-05-08,2a637be4-1b4b-f111-9c8c-c86e08cb2270,Dr,12,44.6,4.0,63.9,1970,203.9,-14.4,1.433
2026-05-08,2a637be4-1b4b-f111-9c8c-c86e08cb2270,Dr,13,44.3,6.2,64.4,2580,223.5,2.5,1.454
2026-05-08,2a637be4-1b4b-f111-9c8c-c86e08cb2270,Dr,14,45.5,3.2,63.4,2420,185.5,4.4,1.393
2026-05-08,fc48fe13-194b-f111-9c8c-c86e08cb2270,5W,1,44.7,5.2,64.3,3260,213.9,16.4,1.439
2026-05-08,fc48fe13-194b-f111-9c8c-c86e08cb2270,5W,2,42.6,1.6,61.6,4900,185.9,28.4,1.446
2026-05-08,fc48fe13-194b-f111-9c8c-c86e08cb2270,5W,3,43.7,,35.1,5870,83.9,-14.5,0.803
2026-05-08,fc48fe13-194b-f111-9c8c-c86e08cb2270,5W,4,45.6,5.3,64.7,3020,219.1,-0.9,1.419
2026-05-08,fc48fe13-194b-f111-9c8c-c86e08cb2270,5W,5,42.2,1.2,62.1,5020,186.5,27.5,1.471
2026-05-08,fc48fe13-194b-f111-9c8c-c86e08cb2270,5W,6,47.0,5.2,65.8,1560,7.0,-0.1,1.400
2026-05-08,fc48fe13-194b-f111-9c8c-c86e08cb2270,5W,7,42.6,1.4,59.2,3810,187.2,-36.5,1.390
2026-05-08,fc48fe13-194b-f111-9c8c-c86e08cb2270,5W,8,44.3,7.8,34.0,7533,72.2,-35.5,0.768
2026-05-08,fc48fe13-194b-f111-9c8c-c86e08cb2270,5W,9,42.6,2.0,62.3,4542,193.3,-6.2,1.463
2026-05-08,fc48fe13-194b-f111-9c8c-c86e08cb2270,5W,10,42.9,4.0,59.2,3620,187.1,-55.4,1.380
2026-05-08,fc48fe13-194b-f111-9c8c-c86e08cb2270,5W,11,42.4,2.2,56.4,4020,176.2,-12.0,1.330
2026-05-08,fc48fe13-194b-f111-9c8c-c86e08cb2270,5W,12,45.0,5.6,62.0,3170,206.6,-20.8,1.378
2026-05-08,fc48fe13-194b-f111-9c8c-c86e08cb2270,5i,1,39.7,1.2,56.3,5210,166.5,16.4,1.418
2026-05-08,fc48fe13-194b-f111-9c8c-c86e08cb2270,5i,2,36.8,-0.4,49.9,3650,142.9,10.6,1.356
2026-05-08,fc48fe13-194b-f111-9c8c-c86e08cb2270,5i,3,39.6,0.6,56.8,4840,171.6,7.9,1.434
2026-05-08,fc48fe13-194b-f111-9c8c-c86e08cb2270,5i,4,38.0,0.0,48.7,6480,133.9,20.2,1.282
2026-05-08,fc48fe13-194b-f111-9c8c-c86e08cb2270,5i,5,38.1,-1.0,52.2,5799,150.0,-6.3,1.370
2026-05-08,fc48fe13-194b-f111-9c8c-c86e08cb2270,5i,6,40.1,0.6,56.8,2989,184.1,-22.6,1.417
2026-05-08,fc48fe13-194b-f111-9c8c-c86e08cb2270,5i,7,39.3,0.4,57.9,4400,179.0,-10.5,1.473
2026-05-08,fc48fe13-194b-f111-9c8c-c86e08cb2270,5i,8,41.0,11.4,33.1,2738,62.1,1.6,0.807
2026-05-08,fc48fe13-194b-f111-9c8c-c86e08cb2270,5i,9,40.5,0.0,56.8,3620,176.8,-2.0,1.402
2026-05-08,fc48fe13-194b-f111-9c8c-c86e08cb2270,5i,10,39.0,1.6,47.3,3450,134.5,-13.3,1.213
2026-05-08,fc48fe13-194b-f111-9c8c-c86e08cb2270,5i,11,37.7,0.2,43.6,6310,118.1,7.2,1.156
2026-05-08,fc48fe13-194b-f111-9c8c-c86e08cb2270,5i,12,38.7,0.8,51.9,4280,155.5,1.9,1.341
2025-01-04,dc2962e1-bdca-ef11-9457-b068e6110422,7i,1,38.0,,50.1,5383,142.1,14.8,1.318
2025-01-04,dc2962e1-bdca-ef11-9457-b068e6110422,7i,2,39.9,,51.3,4291,150.7,-59.7,1.286
2025-01-04,dc2962e1-bdca-ef11-9457-b068e6110422,7i,3,41.6,9.9,53.9,3800,112.7,35.9,1.296
2025-01-04,dc2962e1-bdca-ef11-9457-b068e6110422,7i,4,39.6,,50.2,8140,134.1,-29.0,1.268
2025-01-04,dc2962e1-bdca-ef11-9457-b068e6110422,7i,5,40.8,,49.1,8420,130.3,-22.7,1.203
2025-01-04,dc2962e1-bdca-ef11-9457-b068e6110422,7i,6,40.2,3.9,50.1,1960,129.4,27.6,1.246
2025-01-04,dc2962e1-bdca-ef11-9457-b068e6110422,7i,7,45.8,7.7,63.7,1790,200.4,-3.9,1.391
2025-01-04,dc2962e1-bdca-ef11-9457-b068e6110422,7i,8,38.2,,47.7,5600,124.8,20.7,1.249
2025-01-04,dc2962e1-bdca-ef11-9457-b068e6110422,7i,9,39.8,,50.0,8230,132.9,-20.4,1.256
2025-01-04,dc2962e1-bdca-ef11-9457-b068e6110422,7i,10,38.5,7.9,52.5,3608,153.7,-4.0,1.364
2025-01-04,dc2962e1-bdca-ef11-9457-b068e6110422,7i,11,40.4,,47.8,7690,139.9,-8.6,1.183
2025-01-04,dc2962e1-bdca-ef11-9457-b068e6110422,7i,12,39.6,,59.2,8500,124.6,-3.1,1.495
2025-01-04,dc2962e1-bdca-ef11-9457-b068e6110422,7i,13,43.8,10.3,59.2,2900,159.3,-44.5,1.352
2025-01-04,dc2962e1-bdca-ef11-9457-b068e6110422,7i,14,44.6,,57.0,6362,166.7,-12.8,1.278
2025-01-04,dc2962e1-bdca-ef11-9457-b068e6110422,7i,15,,1.9,49.1,6590,135.9,-9.3,
2025-01-04,dc2962e1-bdca-ef11-9457-b068e6110422,7i,16,,,,4860,31.4,-6.7,
2025-04-02,cf9ce819-f50f-f011-97af-f8e43b3b1e60,Unknown,1,,,,3478,149.3,-35.6,
2025-04-02,cf9ce819-f50f-f011-97af-f8e43b3b1e60,Unknown,2,33.6,,43.7,5449,119.6,-8.3,1.301
2025-04-02,cf9ce819-f50f-f011-97af-f8e43b3b1e60,Unknown,3,,7.3,48.2,4903,122.8,25.9,
2025-04-02,cf9ce819-f50f-f011-97af-f8e43b3b1e60,Unknown,4,36.7,,54.0,3490,168.8,-16.6,1.471
2025-04-02,cf9ce819-f50f-f011-97af-f8e43b3b1e60,Unknown,5,,,,5921,147.9,-18.4,
2025-04-02,cf9ce819-f50f-f011-97af-f8e43b3b1e60,Unknown,6,37.2,0.7,50.2,4120,141.8,-17.4,1.349
2025-04-02,cf9ce819-f50f-f011-97af-f8e43b3b1e60,Unknown,7,36.0,,49.9,1200,45.6,1.2,1.386
2025-04-02,cf9ce819-f50f-f011-97af-f8e43b3b1e60,Unknown,8,29.5,,42.1,1636,120.8,-22.1,1.427
2025-04-02,cf9ce819-f50f-f011-97af-f8e43b3b1e60,Unknown,9,40.4,,57.5,734,107.5,6.0,1.423
2025-04-02,cf9ce819-f50f-f011-97af-f8e43b3b1e60,Unknown,10,32.4,,49.0,5159,140.3,-5.3,1.512
2025-04-02,cf9ce819-f50f-f011-97af-f8e43b3b1e60,Unknown,11,35.2,,43.5,5020,119.0,-32.1,1.236
2025-04-02,cf9ce819-f50f-f011-97af-f8e43b3b1e60,Unknown,12,34.2,,20.2,5624,33.7,-4.3,0.591
2025-04-02,cf9ce819-f50f-f011-97af-f8e43b3b1e60,Unknown,13,17.6,,51.6,3840,90.4,-3.1,2.932
2025-04-02,cf9ce819-f50f-f011-97af-f8e43b3b1e60,Unknown,14,36.0,,33.7,1925,9.4,-1.5,0.936
2025-04-02,cf9ce819-f50f-f011-97af-f8e43b3b1e60,Unknown,15,,,,9583,113.7,13.0,
2025-04-02,cf9ce819-f50f-f011-97af-f8e43b3b1e60,Unknown,16,29.9,,41.1,4460,107.5,-3.3,1.375
2025-04-02,cf9ce819-f50f-f011-97af-f8e43b3b1e60,Unknown,17,37.0,,51.7,2717,107.5,-13.6,1.397
2025-04-02,cf9ce819-f50f-f011-97af-f8e43b3b1e60,Unknown,18,39.1,,54.9,4432,116.0,-6.8,1.404
2025-04-02,cf9ce819-f50f-f011-97af-f8e43b3b1e60,Unknown,19,14.6,,16.9,4006,13.2,-40.0,1.158
2025-04-02,cf9ce819-f50f-f011-97af-f8e43b3b1e60,Unknown,20,34.0,,40.5,3509,111.7,-14.1,1.191
2025-04-02,cf9ce819-f50f-f011-97af-f8e43b3b1e60,Unknown,21,44.2,,60.6,5484,173.1,87.8,1.371
2025-04-02,cf9ce819-f50f-f011-97af-f8e43b3b1e60,Unknown,22,35.8,,48.8,5240,140.1,0.0,1.363
2025-04-02,cf9ce819-f50f-f011-97af-f8e43b3b1e60,Unknown,23,37.6,,51.9,3910,137.1,-28.6,1.380
2025-04-02,cf9ce819-f50f-f011-97af-f8e43b3b1e60,Unknown,24,39.1,,54.7,4396,166.0,-9.4,1.399
2025-04-02,cf9ce819-f50f-f011-97af-f8e43b3b1e60,Unknown,25,34.1,,49.1,1731,42.3,10.1,1.440
2025-04-02,cf9ce819-f50f-f011-97af-f8e43b3b1e60,Unknown,26,,,,9124,12.8,-0.6,
2025-04-02,cf9ce819-f50f-f011-97af-f8e43b3b1e60,Unknown,27,36.8,,34.6,4051,159.7,-8.2,0.940
2025-04-02,cf9ce819-f50f-f011-97af-f8e43b3b1e60,Unknown,28,36.9,,52.4,7896,114.6,-11.0,1.420
2025-04-02,cf9ce819-f50f-f011-97af-f8e43b3b1e60,Unknown,29,18.9,,43.9,4433,45.2,-3.9,2.323
2025-04-02,cf9ce819-f50f-f011-97af-f8e43b3b1e60,Unknown,30,35.3,,23.2,2490,82.7,-15.0,0.657
2025-04-02,cf9ce819-f50f-f011-97af-f8e43b3b1e60,Unknown,31,41.2,,51.1,692,167.9,-8.2,1.240
2025-04-02,cf9ce819-f50f-f011-97af-f8e43b3b1e60,Unknown,32,36.3,,59.9,5181,149.6,-2.5,1.650
2025-04-02,cf9ce819-f50f-f011-97af-f8e43b3b1e60,Unknown,33,,,,2134,1.6,-0.2,
2025-04-02,cf9ce819-f50f-f011-97af-f8e43b3b1e60,Unknown,34,,,,8240,15.8,-3.1,
2025-05-22,3af888fa-4637-f011-a89f-b03cdc8d95a9,Unknown,1,41.6,2.1,53.4,4422,160.6,28.0,1.284
2025-05-22,3af888fa-4637-f011-a89f-b03cdc8d95a9,Unknown,2,35.3,0.4,48.9,5099,140.5,15.9,1.385
2025-05-22,3af888fa-4637-f011-a89f-b03cdc8d95a9,Unknown,3,37.3,1.2,50.2,3635,152.4,0.9,1.346
2025-05-22,3af888fa-4637-f011-a89f-b03cdc8d95a9,Unknown,4,,,,6158,60.9,-20.9,
2025-05-22,3af888fa-4637-f011-a89f-b03cdc8d95a9,Unknown,5,37.9,-0.4,28.3,2285,141.9,-1.8,0.747
2025-05-22,3af888fa-4637-f011-a89f-b03cdc8d95a9,Unknown,6,36.7,-1.2,52.1,2288,52.1,-5.8,1.420
2025-05-22,3af888fa-4637-f011-a89f-b03cdc8d95a9,Unknown,7,37.2,-1.8,53.2,5890,147.7,-12.9,1.430
2025-05-22,3af888fa-4637-f011-a89f-b03cdc8d95a9,Unknown,8,38.0,-1.2,52.1,5583,143.5,-22.1,1.371
2025-05-22,3af888fa-4637-f011-a89f-b03cdc8d95a9,Unknown,9,37.8,0.6,51.5,5296,129.2,39.5,1.362
2025-05-22,3af888fa-4637-f011-a89f-b03cdc8d95a9,Unknown,10,43.6,3.5,62.8,3229,208.1,-8.6,1.440
2025-05-22,3af888fa-4637-f011-a89f-b03cdc8d95a9,Unknown,11,33.9,-1.8,48.0,4581,139.8,9.3,1.416
2025-05-22,3af888fa-4637-f011-a89f-b03cdc8d95a9,Unknown,12,36.9,-2.4,48.7,6027,135.4,26.8,1.320
2025-05-22,3af888fa-4637-f011-a89f-b03cdc8d95a9,Unknown,13,42.9,2.5,58.6,2957,193.0,-12.7,1.366
2025-06-17,8e41e80b-b44b-f011-bbbf-10a51d50bb3e,PW,1,,,,8416,77.6,-2.3,
2025-06-17,8e41e80b-b44b-f011-bbbf-10a51d50bb3e,PW,2,34.3,0.0,33.0,6806,107.7,-8.5,0.962
2025-06-17,8e41e80b-b44b-f011-bbbf-10a51d50bb3e,PW,3,,,,7914,90.5,12.1,
2025-06-17,8e41e80b-b44b-f011-bbbf-10a51d50bb3e,PW,4,34.1,-2.4,41.2,8538,105.7,13.5,1.208
2025-06-17,8e41e80b-b44b-f011-bbbf-10a51d50bb3e,PW,5,35.4,-3.2,36.6,7728,121.7,-1.3,1.034
2025-06-17,8e41e80b-b44b-f011-bbbf-10a51d50bb3e,PW,6,,,,8938,115.3,-5.6,
2025-06-17,8e41e80b-b44b-f011-bbbf-10a51d50bb3e,PW,7,,,,8467,100.7,3.0,
2025-06-17,8e41e80b-b44b-f011-bbbf-10a51d50bb3e,Dr,1,43.6,,28.8,5947,62.2,-25.7,0.661
2025-06-17,8e41e80b-b44b-f011-bbbf-10a51d50bb3e,Dr,2,42.2,3.3,58.3,3611,186.2,22.6,1.381
2025-06-17,8e41e80b-b44b-f011-bbbf-10a51d50bb3e,Dr,3,44.2,1.9,60.9,4286,187.0,32.8,1.378
2025-06-17,8e41e80b-b44b-f011-bbbf-10a51d50bb3e,Dr,4,42.3,5.3,59.1,4048,182.0,59.6,1.397
2025-06-17,8e41e80b-b44b-f011-bbbf-10a51d50bb3e,Dr,5,45.1,4.9,62.7,3891,196.1,23.0,1.390
2025-06-17,8e41e80b-b44b-f011-bbbf-10a51d50bb3e,Dr,6,46.3,2.3,60.2,3541,195.3,1.5,1.300
2025-06-17,8e41e80b-b44b-f011-bbbf-10a51d50bb3e,Dr,7,39.7,2.9,57.6,2585,191.8,-9.3,1.451
2025-06-17,8e41e80b-b44b-f011-bbbf-10a51d50bb3e,Dr,8,43.6,3.5,60.9,3637,196.6,-30.5,1.397
2025-06-17,8e41e80b-b44b-f011-bbbf-10a51d50bb3e,Dr,9,45.5,3.7,60.6,2046,203.9,-19.1,1.332
2025-06-17,8e41e80b-b44b-f011-bbbf-10a51d50bb3e,7i,1,37.4,0.6,47.5,2588,146.4,-4.6,1.270
2025-06-17,8e41e80b-b44b-f011-bbbf-10a51d50bb3e,7i,2,37.5,-1.2,50.0,5225,144.8,16.0,1.333
2025-06-17,8e41e80b-b44b-f011-bbbf-10a51d50bb3e,7i,3,37.5,-2.2,52.9,4014,162.9,-5.1,1.411
2025-06-17,8e41e80b-b44b-f011-bbbf-10a51d50bb3e,7i,4,37.0,-1.4,53.2,5128,156.8,13.8,1.438
2025-06-17,8e41e80b-b44b-f011-bbbf-10a51d50bb3e,7i,5,36.6,0.8,46.2,4349,134.5,-5.7,1.262
2025-06-17,8e41e80b-b44b-f011-bbbf-10a51d50bb3e,7i,6,36.7,-2.8,49.2,3914,137.8,26.1,1.341
2025-06-17,8e41e80b-b44b-f011-bbbf-10a51d50bb3e,7i,7,,,,5930,136.1,-8.7,
2025-06-17,8e41e80b-b44b-f011-bbbf-10a51d50bb3e,7i,8,37.6,1.6,42.3,4136,115.3,-14.0,1.125
2025-06-17,8e41e80b-b44b-f011-bbbf-10a51d50bb3e,5W,1,40.3,2.4,55.6,3658,172.5,-56.8,1.380
2025-06-17,8e41e80b-b44b-f011-bbbf-10a51d50bb3e,5W,2,,,,3811,181.1,3.5,
2025-06-17,8e41e80b-b44b-f011-bbbf-10a51d50bb3e,5W,3,,,,2189,99.8,-20.5,
2025-06-17,8e41e80b-b44b-f011-bbbf-10a51d50bb3e,5W,4,,,,3577,190.0,-35.6,
2025-06-17,8e41e80b-b44b-f011-bbbf-10a51d50bb3e,5W,5,40.9,-0.2,59.3,2973,192.4,-17.9,1.450
2025-06-17,8e41e80b-b44b-f011-bbbf-10a51d50bb3e,5W,6,40.1,1.0,54.3,3405,166.5,-55.2,1.354
2025-06-17,8e41e80b-b44b-f011-bbbf-10a51d50bb3e,5W,7,,,,5514,149.6,-13.8,
2025-06-17,8e41e80b-b44b-f011-bbbf-10a51d50bb3e,5W,8,41.5,1.8,52.0,2668,203.1,-1.7,1.253
2025-06-17,8e41e80b-b44b-f011-bbbf-10a51d50bb3e,5W,9,42.3,-0.8,60.2,2532,195.3,-11.0,1.423
2025-06-17,8e41e80b-b44b-f011-bbbf-10a51d50bb3e,5W,10,42.5,-1.0,61.9,3946,198.2,11.9,1.456
2025-06-17,8e41e80b-b44b-f011-bbbf-10a51d50bb3e,5W,11,,,,3766,198.9,-1.1,
2025-06-17,8e41e80b-b44b-f011-bbbf-10a51d50bb3e,5W,12,,,,3505,191.7,-10.0,
2025-06-17,8e41e80b-b44b-f011-bbbf-10a51d50bb3e,5W,13,41.7,0.6,59.3,4144,177.1,-56.2,1.422
2025-06-17,8e41e80b-b44b-f011-bbbf-10a51d50bb3e,5W,14,40.8,0.0,57.4,2519,194.5,-13.3,1.407
2025-06-17,8e41e80b-b44b-f011-bbbf-10a51d50bb3e,8i,1,,3.0,53.5,4752,160.3,-11.2,
2025-06-17,8e41e80b-b44b-f011-bbbf-10a51d50bb3e,8i,2,38.0,,52.6,4472,157.7,29.9,1.384
2025-06-17,8e41e80b-b44b-f011-bbbf-10a51d50bb3e,8i,3,,,,5968,166.1,-8.4,
2025-06-17,8e41e80b-b44b-f011-bbbf-10a51d50bb3e,8i,4,38.7,3.2,55.7,3219,150.3,23.0,1.439
2025-06-17,8e41e80b-b44b-f011-bbbf-10a51d50bb3e,8i,5,,,,6051,148.1,-16.3,
2025-06-17,8e41e80b-b44b-f011-bbbf-10a51d50bb3e,8i,6,38.5,0.4,52.3,4274,174.1,1.8,1.359
2025-06-17,8e41e80b-b44b-f011-bbbf-10a51d50bb3e,8i,7,39.0,1.0,56.5,2877,101.9,-17.7,1.449
2025-06-17,8e41e80b-b44b-f011-bbbf-10a51d50bb3e,8i,8,,,-1.8,4256,181.4,-9.4,
2025-06-17,8e41e80b-b44b-f011-bbbf-10a51d50bb3e,8i,9,,,,5474,181.4,-40.4,
2025-06-17,8e41e80b-b44b-f011-bbbf-10a51d50bb3e,8i,10,,,,5402,160.3,29.3,
2025-06-17,8e41e80b-b44b-f011-bbbf-10a51d50bb3e,8i,11,,,,3815,154.3,-26.1,
2025-06-17,8e41e80b-b44b-f011-bbbf-10a51d50bb3e,8i,12,,0.8,57.6,4761,174.3,-14.0,
2025-06-17,8e41e80b-b44b-f011-bbbf-10a51d50bb3e,8i,13,,,-0.8,4320,181.5,7.3,
2025-06-17,8e41e80b-b44b-f011-bbbf-10a51d50bb3e,8i,14,39.3,1.7,56.4,4040,177.1,-22.7,1.435
2025-06-17,8e41e80b-b44b-f011-bbbf-10a51d50bb3e,8i,15,38.2,-0.6,56.7,4004,174.1,-17.0,1.484
2025-06-17,8e41e80b-b44b-f011-bbbf-10a51d50bb3e,8i,16,35.5,-1.8,57.6,5131,171.4,-26.8,1.623
2025-06-17,8e41e80b-b44b-f011-bbbf-10a51d50bb3e,8i,17,39.4,-0.9,56.6,4302,174.7,7.6,1.437
2024-06-12,59ef7ebb-1329-ef11-a82d-b03cdc8d95a9,8i,1,26.5,,25.1,6050,50.8,-4.4,0.947
2024-06-12,59ef7ebb-1329-ef11-a82d-b03cdc8d95a9,8i,2,26.8,,19.0,1870,14.3,0.4,0.709
2024-06-12,59ef7ebb-1329-ef11-a82d-b03cdc8d95a9,8i,3,,,,4690,64.8,-6.2,
2024-06-12,59ef7ebb-1329-ef11-a82d-b03cdc8d95a9,8i,4,24.6,,31.1,3220,134.1,-27.9,1.264
2024-06-12,59ef7ebb-1329-ef11-a82d-b03cdc8d95a9,8i,5,31.9,0.7,45.9,4790,115.9,-7.9,1.439
2024-06-12,59ef7ebb-1329-ef11-a82d-b03cdc8d95a9,8i,6,31.5,,42.2,6540,58.8,-24.4,1.340
2024-06-12,59ef7ebb-1329-ef11-a82d-b03cdc8d95a9,8i,7,27.4,,27.4,1630,8.3,-2.2,1.000
2024-06-12,59ef7ebb-1329-ef11-a82d-b03cdc8d95a9,8i,8,,,,5470,66.7,-2.5,
2024-06-12,59ef7ebb-1329-ef11-a82d-b03cdc8d95a9,8i,9,26.9,,30.5,5350,42.4,-11.7,1.134
2024-06-12,59ef7ebb-1329-ef11-a82d-b03cdc8d95a9,8i,10,,,,4980,27.8,3.0,
2024-06-12,59ef7ebb-1329-ef11-a82d-b03cdc8d95a9,8i,11,31.3,,23.1,5360,126.0,-0.6,0.738
2024-06-12,59ef7ebb-1329-ef11-a82d-b03cdc8d95a9,8i,12,31.3,,18.8,4160,120.7,15.8,0.601
2024-06-12,59ef7ebb-1329-ef11-a82d-b03cdc8d95a9,8i,13,33.0,-1.9,48.3,5890,112.3,-15.8,1.464
2024-06-12,59ef7ebb-1329-ef11-a82d-b03cdc8d95a9,8i,14,32.3,-2.5,43.0,1800,118.8,-36.0,1.331
2024-06-12,59ef7ebb-1329-ef11-a82d-b03cdc8d95a9,8i,15,33.2,,43.3,7220,40.3,-3.1,1.304
2024-06-12,59ef7ebb-1329-ef11-a82d-b03cdc8d95a9,8i,16,33.2,-1.3,45.6,5020,129.8,-12.1,1.373
2024-06-12,59ef7ebb-1329-ef11-a82d-b03cdc8d95a9,8i,17,26.4,,32.5,4130,70.8,5.0,1.231
2024-06-11,6ef373a9-5328-ef11-b475-b03cdcbb3a5e,Unknown,1,43.7,4.5,63.4,1800,55.2,2.3,1.451
2024-06-11,6ef373a9-5328-ef11-b475-b03cdcbb3a5e,Unknown,2,32.4,4.6,41.5,2980,112.6,-2.8,1.281
2024-06-11,6ef373a9-5328-ef11-b475-b03cdcbb3a5e,Unknown,3,,,,4470,178.5,-58.2,
2024-06-11,6ef373a9-5328-ef11-b475-b03cdcbb3a5e,Unknown,4,41.7,7.1,59.2,5770,56.6,14.0,1.420
2024-06-11,6ef373a9-5328-ef11-b475-b03cdcbb3a5e,Unknown,5,38.7,,27.3,1800,68.0,-0.2,0.705
2024-06-11,6ef373a9-5328-ef11-b475-b03cdcbb3a5e,Unknown,6,,9.0,34.9,6590,128.5,-15.7,
2024-06-11,6ef373a9-5328-ef11-b475-b03cdcbb3a5e,Unknown,7,34.8,3.6,47.6,5040,166.6,-34.3,1.368
2024-06-11,6ef373a9-5328-ef11-b475-b03cdcbb3a5e,Unknown,8,38.0,5.5,56.9,6500,127.2,-5.4,1.497
2024-06-11,6ef373a9-5328-ef11-b475-b03cdcbb3a5e,Unknown,9,40.6,,46.5,3400,191.4,-11.7,1.145
2024-06-11,6ef373a9-5328-ef11-b475-b03cdcbb3a5e,Unknown,10,,8.0,59.1,3480,138.8,-26.6,
2024-06-11,6ef373a9-5328-ef11-b475-b03cdcbb3a5e,Unknown,11,42.3,,50.1,4980,191.8,25.3,1.184
2024-06-11,6ef373a9-5328-ef11-b475-b03cdcbb3a5e,Unknown,12,,3.4,44.3,5820,120.7,-28.2,
2024-06-11,6ef373a9-5328-ef11-b475-b03cdcbb3a5e,Unknown,13,38.3,12.4,34.3,1820,40.3,-0.8,0.896
2024-06-11,6ef373a9-5328-ef11-b475-b03cdcbb3a5e,Unknown,14,38.3,,24.8,2880,32.1,17.3,0.648
2024-06-11,6ef373a9-5328-ef11-b475-b03cdcbb3a5e,Unknown,15,,5.0,63.2,5380,150.1,-54.2,
2024-06-11,6ef373a9-5328-ef11-b475-b03cdcbb3a5e,Unknown,16,38.2,,31.4,3470,154.8,-3.8,0.822
2024-06-11,6ef373a9-5328-ef11-b475-b03cdcbb3a5e,Unknown,17,,8.4,51.4,2120,8.5,0.5,
2024-06-11,6ef373a9-5328-ef11-b475-b03cdcbb3a5e,Unknown,18,37.9,,4.3,1610,1.9,-0.5,0.113
2024-06-11,6ef373a9-5328-ef11-b475-b03cdcbb3a5e,Unknown,19,40.0,6.0,59.1,1610,161.4,-16.8,1.478
2024-06-11,6ef373a9-5328-ef11-b475-b03cdcbb3a5e,Unknown,20,38.8,,28.4,2590,59.9,-10.9,0.732
2024-06-11,6ef373a9-5328-ef11-b475-b03cdcbb3a5e,Unknown,21,,,,2610,65.6,-12.3,
2024-06-11,6ef373a9-5328-ef11-b475-b03cdcbb3a5e,Unknown,22,,,,8040,138.9,-24.3,
2024-06-11,6ef373a9-5328-ef11-b475-b03cdcbb3a5e,Unknown,23,,,,5410,165.0,-6.7,
2024-06-11,6ef373a9-5328-ef11-b475-b03cdcbb3a5e,Unknown,24,,7.7,56.1,6880,117.4,11.9,
2024-06-11,6ef373a9-5328-ef11-b475-b03cdcbb3a5e,Unknown,25,43.7,,44.0,3510,198.6,-2.5,1.007
2024-06-11,6ef373a9-5328-ef11-b475-b03cdcbb3a5e,Unknown,26,,,,5800,59.5,-15.7,
2024-06-11,6ef373a9-5328-ef11-b475-b03cdcbb3a5e,Unknown,27,,,,7540,99.2,-5.4,
2024-06-11,6ef373a9-5328-ef11-b475-b03cdcbb3a5e,Unknown,28,39.5,3.4,55.2,3310,162.8,26.9,1.397
2024-07-23,e4d857bd-0e49-ef11-846b-b03cdc8d9414,PW,1,26.6,0.6,27.7,7560,60.0,-2.2,1.041
2024-07-23,e4d857bd-0e49-ef11-846b-b03cdc8d9414,PW,2,26.5,-3.4,29.3,7480,65.2,7.9,1.106
2024-07-23,e4d857bd-0e49-ef11-846b-b03cdc8d9414,PW,3,25.0,0.8,29.2,6380,66.2,-7.0,1.168
2024-07-23,e4d857bd-0e49-ef11-846b-b03cdc8d9414,PW,4,18.9,4.2,18.6,5760,31.0,0.0,0.984
2024-07-23,e4d857bd-0e49-ef11-846b-b03cdc8d9414,PW,5,19.7,2.4,21.4,5700,38.8,1.0,1.086
2024-07-23,e4d857bd-0e49-ef11-846b-b03cdc8d9414,PW,6,25.7,-1.0,28.4,7620,62.1,-1.6,1.105
2024-07-23,e4d857bd-0e49-ef11-846b-b03cdc8d9414,PW,7,26.0,-5.2,33.2,6740,78.8,-5.7,1.277
2024-07-23,e4d857bd-0e49-ef11-846b-b03cdc8d9414,PW,8,26.3,0.0,29.2,6610,65.1,-5.4,1.110
2024-07-23,e4d857bd-0e49-ef11-846b-b03cdc8d9414,PW,9,19.2,6.4,19.1,4040,32.0,-3.7,0.995
2024-07-23,e4d857bd-0e49-ef11-846b-b03cdc8d9414,PW,10,25.8,,21.3,4280,34.1,-4.7,0.826
2024-07-23,e4d857bd-0e49-ef11-846b-b03cdc8d9414,PW,11,26.5,-3.4,33.1,7000,78.7,-6.2,1.249
2024-07-23,e4d857bd-0e49-ef11-846b-b03cdc8d9414,PW,12,20.0,4.2,19.2,5390,32.8,-2.8,0.960
2024-07-23,e4d857bd-0e49-ef11-846b-b03cdc8d9414,PW,13,25.0,,27.6,6890,60.0,-4.2,1.104
2024-07-23,e4d857bd-0e49-ef11-846b-b03cdc8d9414,PW,14,28.3,1.4,31.1,6570,72.7,-3.8,1.099
2024-07-23,e4d857bd-0e49-ef11-846b-b03cdc8d9414,Dr,1,30.2,-2.7,44.1,3590,119.6,9.1,1.460
2024-07-23,e4d857bd-0e49-ef11-846b-b03cdc8d9414,Dr,2,30.9,0.0,43.5,3720,119.2,8.6,1.408
2024-07-23,e4d857bd-0e49-ef11-846b-b03cdc8d9414,Dr,3,31.0,-3.9,41.2,4870,107.0,29.9,1.329
2024-07-23,e4d857bd-0e49-ef11-846b-b03cdc8d9414,Dr,4,31.4,-0.2,40.1,4720,109.0,-12.0,1.277
2024-07-23,e4d857bd-0e49-ef11-846b-b03cdc8d9414,Dr,5,31.7,-1.2,44.4,3250,119.8,-5.6,1.401
2024-07-23,e4d857bd-0e49-ef11-846b-b03cdc8d9414,Dr,6,31.0,0.2,44.3,3160,121.3,4.4,1.429
2024-07-23,e4d857bd-0e49-ef11-846b-b03cdc8d9414,Dr,7,31.7,-1.5,47.3,2680,126.8,-17.9,1.492
2024-07-23,e4d857bd-0e49-ef11-846b-b03cdc8d9414,7i,1,25.9,-2.2,32.0,7930,73.8,8.4,1.236
2024-07-23,e4d857bd-0e49-ef11-846b-b03cdc8d9414,7i,2,25.5,-3.4,34.6,6700,85.0,0.9,1.357
2024-07-23,e4d857bd-0e49-ef11-846b-b03cdc8d9414,7i,3,26.6,-1.0,32.9,6260,79.0,-6.3,1.237
2024-07-23,e4d857bd-0e49-ef11-846b-b03cdc8d9414,7i,4,27.0,-3.4,32.8,8240,75.9,11.6,1.215
2024-07-23,e4d857bd-0e49-ef11-846b-b03cdc8d9414,7i,5,25.7,-1.6,34.3,6550,84.0,0.4,1.335
2024-07-23,e4d857bd-0e49-ef11-846b-b03cdc8d9414,7i,6,25.8,-2.0,29.8,7060,67.2,-3.4,1.155
2024-07-23,e4d857bd-0e49-ef11-846b-b03cdc8d9414,7i,7,26.5,-4.4,33.5,6920,80.1,-0.6,1.264
2024-07-23,e4d857bd-0e49-ef11-846b-b03cdc8d9414,7i,8,26.7,-6.0,35.7,7680,87.5,-2.4,1.337
2024-07-23,a4e2a7c7-0849-ef11-846b-b03cdc8d9414,PW,1,26.5,-4.4,34.5,7180,83.7,6.0,1.302
2024-07-23,a4e2a7c7-0849-ef11-846b-b03cdc8d9414,PW,2,24.9,-3.2,33.0,5830,78.7,2.0,1.325
2024-07-23,a4e2a7c7-0849-ef11-846b-b03cdc8d9414,PW,3,25.0,-2.2,30.1,6250,67.9,-7.4,1.204
2024-07-23,a4e2a7c7-0849-ef11-846b-b03cdc8d9414,PW,4,25.8,-7.8,32.6,5440,72.7,6.0,1.264
2024-07-23,a4e2a7c7-0849-ef11-846b-b03cdc8d9414,PW,5,25.2,-2.6,31.1,7830,71.5,-12.8,1.234
2024-07-23,a4e2a7c7-0849-ef11-846b-b03cdc8d9414,PW,6,25.3,-3.8,25.5,6660,51.0,-9.5,1.008
2024-07-23,a4e2a7c7-0849-ef11-846b-b03cdc8d9414,PW,7,24.4,-3.8,32.7,5840,78.2,-2.4,1.340
2024-07-23,a4e2a7c7-0849-ef11-846b-b03cdc8d9414,PW,8,25.1,-4.2,30.7,6320,69.7,-4.9,1.223
2024-07-23,a4e2a7c7-0849-ef11-846b-b03cdc8d9414,SW,1,22.9,-6.4,26.5,6880,55.9,0.7,1.157
2024-07-23,a4e2a7c7-0849-ef11-846b-b03cdc8d9414,SW,2,16.4,,16.5,4340,25.1,-0.1,1.006
2024-07-23,a4e2a7c7-0849-ef11-846b-b03cdc8d9414,SW,3,23.1,-2.0,25.7,6260,53.5,4.7,1.113
2024-07-23,a4e2a7c7-0849-ef11-846b-b03cdc8d9414,SW,4,19.2,,10.8,2830,11.2,-7.4,0.563
2024-07-23,a4e2a7c7-0849-ef11-846b-b03cdc8d9414,SW,5,15.3,1.2,16.6,4420,25.1,0.9,1.085
2024-07-23,a4e2a7c7-0849-ef11-846b-b03cdc8d9414,SW,6,23.3,-5.6,29.6,6640,67.0,-3.4,1.270
2024-07-23,a4e2a7c7-0849-ef11-846b-b03cdc8d9414,SW,7,21.3,-1.2,25.0,5920,51.4,-4.3,1.174
2024-07-23,a4e2a7c7-0849-ef11-846b-b03cdc8d9414,SW,8,12.7,3.0,14.5,3030,18.5,-0.4,1.142
2024-07-23,a4e2a7c7-0849-ef11-846b-b03cdc8d9414,SW,9,22.7,-4.2,25.5,7070,52.7,-3.2,1.123
2024-07-23,a4e2a7c7-0849-ef11-846b-b03cdc8d9414,SW,10,16.6,,14.6,2910,19.4,-1.0,0.880
2024-07-23,a4e2a7c7-0849-ef11-846b-b03cdc8d9414,SW,11,21.7,0.4,24.6,5390,48.6,10.0,1.134
2024-07-23,a4e2a7c7-0849-ef11-846b-b03cdc8d9414,SW,12,19.6,1.4,19.9,4540,30.6,-8.5,1.015
2024-07-23,a4e2a7c7-0849-ef11-846b-b03cdc8d9414,SW,13,21.6,1.2,21.5,5400,39.0,-6.0,0.995
2024-07-23,a4e2a7c7-0849-ef11-846b-b03cdc8d9414,7i,1,27.5,-2.4,35.0,6490,83.8,15.4,1.273
2024-07-23,a4e2a7c7-0849-ef11-846b-b03cdc8d9414,7i,2,29.0,-3.2,38.4,6620,97.4,12.8,1.324
2024-07-23,a4e2a7c7-0849-ef11-846b-b03cdc8d9414,7i,3,27.0,0.0,32.9,6070,76.2,18.2,1.219
2024-07-23,a4e2a7c7-0849-ef11-846b-b03cdc8d9414,7i,4,28.5,-3.0,36.7,6710,90.5,25.9,1.288
2024-07-23,a4e2a7c7-0849-ef11-846b-b03cdc8d9414,7i,5,28.1,-1.2,33.3,5460,77.3,9.4,1.185
2024-07-23,a4e2a7c7-0849-ef11-846b-b03cdc8d9414,7i,6,28.7,-4.0,37.2,6830,92.2,5.9,1.296
2024-07-23,a4e2a7c7-0849-ef11-846b-b03cdc8d9414,7i,7,26.8,-4.4,33.5,5860,76.6,20.9,1.250
2024-07-23,a4e2a7c7-0849-ef11-846b-b03cdc8d9414,7i,8,28.4,-4.2,30.6,3950,48.4,-1.7,1.077
2024-07-23,a4e2a7c7-0849-ef11-846b-b03cdc8d9414,7i,9,30.7,-5.0,40.4,3530,78.0,13.1,1.316
2024-07-23,a4e2a7c7-0849-ef11-846b-b03cdc8d9414,7i,10,29.3,-0.2,40.7,4910,90.1,-23.7,1.389
2024-07-23,a4e2a7c7-0849-ef11-846b-b03cdc8d9414,7i,11,28.8,0.2,35.8,4690,86.8,2.3,1.243
2024-07-23,a4e2a7c7-0849-ef11-846b-b03cdc8d9414,7i,12,28.2,-2.6,26.9,5460,52.3,-45.9,0.954
2024-07-19,308e1695-f545-ef11-8469-b03cdc8d9414,SW,1,26.0,-1.0,30.2,7070,68.9,-5.1,1.162
2024-07-19,308e1695-f545-ef11-8469-b03cdc8d9414,SW,2,26.4,-2.4,27.4,8080,58.6,5.2,1.038
2024-07-19,308e1695-f545-ef11-8469-b03cdc8d9414,SW,3,26.6,-1.8,28.6,7620,63.1,-2.0,1.075
2024-07-19,308e1695-f545-ef11-8469-b03cdc8d9414,SW,4,25.8,-3.6,29.4,7590,64.9,2.2,1.140
2024-07-19,308e1695-f545-ef11-8469-b03cdc8d9414,7i,1,28.6,0.0,34.0,4120,77.7,8.0,1.189
2024-07-19,308e1695-f545-ef11-8469-b03cdc8d9414,7i,2,28.0,-4.2,35.8,8240,86.4,26.4,1.279
2024-07-19,308e1695-f545-ef11-8469-b03cdc8d9414,7i,3,28.6,-3.2,38.0,4520,94.6,7.7,1.329
2024-07-19,308e1695-f545-ef11-8469-b03cdc8d9414,7i,4,26.2,,30.5,3190,48.0,-5.6,1.164
2024-07-19,308e1695-f545-ef11-8469-b03cdc8d9414,7i,5,,,-1.2,5010,76.1,7.6,
2024-07-19,308e1695-f545-ef11-8469-b03cdc8d9414,7i,6,28.2,-3.2,33.1,4920,101.3,-1.8,1.174
2024-07-19,308e1695-f545-ef11-8469-b03cdc8d9414,7i,7,28.5,-4.8,40.0,7500,88.7,-7.1,1.404
2024-07-19,308e1695-f545-ef11-8469-b03cdc8d9414,7i,8,28.8,-1.8,36.4,4430,83.1,-24.1,1.264
2024-07-19,308e1695-f545-ef11-8469-b03cdc8d9414,7i,9,28.6,-4.8,35.3,7690,65.3,-1.0,1.234
2024-07-19,308e1695-f545-ef11-8469-b03cdc8d9414,7i,10,28.6,-4.6,35.6,7930,85.3,23.2,1.245
2024-07-19,308e1695-f545-ef11-8469-b03cdc8d9414,7i,11,29.7,,38.8,5240,97.4,-28.2,1.306
2024-07-19,308e1695-f545-ef11-8469-b03cdc8d9414,7i,12,29.4,-2.8,38.3,5650,94.4,22.2,1.303
2024-07-19,308e1695-f545-ef11-8469-b03cdc8d9414,7i,13,29.6,-3.2,35.4,6550,84.7,-12.8,1.196
2024-07-19,308e1695-f545-ef11-8469-b03cdc8d9414,7i,14,28.6,-3.2,35.4,4040,81.5,-22.3,1.238
2024-07-19,308e1695-f545-ef11-8469-b03cdc8d9414,7i,15,27.8,-1.2,35.3,4760,81.1,7.3,1.270
2024-07-19,308e1695-f545-ef11-8469-b03cdc8d9414,7i,16,29.1,-3.2,33.5,5100,84.1,-16.4,1.151
2024-07-19,308e1695-f545-ef11-8469-b03cdc8d9414,7i,17,27.8,-1.0,36.1,4300,88.0,7.0,1.299
2024-07-19,308e1695-f545-ef11-8469-b03cdc8d9414,7i,18,27.3,-1.8,33.7,3810,76.6,-4.0,1.234
2024-07-19,308e1695-f545-ef11-8469-b03cdc8d9414,5W,1,30.8,-4.8,38.1,5940,90.9,31.2,1.237
2024-07-19,308e1695-f545-ef11-8469-b03cdc8d9414,5W,2,29.5,-2.4,39.9,4160,96.7,16.9,1.353
2024-07-19,308e1695-f545-ef11-8469-b03cdc8d9414,5W,3,30.8,-4.0,40.8,5960,65.7,25.9,1.325
2024-07-19,308e1695-f545-ef11-8469-b03cdc8d9414,5W,4,28.1,,32.9,5880,76.3,9.4,1.171
2024-07-19,308e1695-f545-ef11-8469-b03cdc8d9414,5W,5,30.4,,27.0,5720,55.5,-5.9,0.888
2024-07-19,308e1695-f545-ef11-8469-b03cdc8d9414,5W,6,30.5,-4.4,41.1,4860,98.4,20.3,1.348
2024-07-19,308e1695-f545-ef11-8469-b03cdc8d9414,5W,7,30.4,-2.4,30.6,3950,48.4,-1.7,1.007
2024-07-19,308e1695-f545-ef11-8469-b03cdc8d9414,5W,8,28.4,-4.2,40.4,3530,78.0,13.1,1.423
2024-07-19,308e1695-f545-ef11-8469-b03cdc8d9414,5W,9,30.7,-5.0,40.7,4910,90.1,-23.7,1.326
2024-07-19,308e1695-f545-ef11-8469-b03cdc8d9414,5W,10,29.3,-0.2,26.9,5460,52.3,2.3,0.918
2024-07-19,308e1695-f545-ef11-8469-b03cdc8d9414,5W,11,31.8,-3.6,42.3,6490,101.5,45.9,1.330
2024-07-19,308e1695-f545-ef11-8469-b03cdc8d9414,5W,12,30.8,-4.0,43.3,3810,94.4,9.5,1.406
